{
  "strategy": "leave_one_month_out",
  "primary": true,
  "n": 642175,
  "mbe_signed": -1.073898892403164,
  "abs_mbe": 1.073898892403164,
  "rmse": 100.32830977213862,
  "combined": 50.701104332270894
}