{
  "strategy": "time_forward",
  "primary": false,
  "n": 513725,
  "mbe_signed": 2.6254649415761238,
  "abs_mbe": 2.6254649415761238,
  "rmse": 98.99021627109867,
  "combined": 50.8078406063374
}