{
  "strategy": "leave_one_month_out",
  "primary": true,
  "n": 642175,
  "mbe_signed": -3.3214677020873116,
  "abs_mbe": 3.3214677020873116,
  "rmse": 99.20342315011605,
  "combined": 51.262445426101685
}